--------------------------------------------------------
--  File created - Friday-January-16-2026   
--------------------------------------------------------
--------------------------------------------------------
--  DDL for Table PRODUCT
--------------------------------------------------------

  CREATE TABLE "SYS"."PRODUCT" 
   (	"MODEL" VARCHAR2(50 BYTE), 
	"MAKER" VARCHAR2(50 BYTE), 
	"TYPE" VARCHAR2(50 BYTE)
   ) PCTFREE 10 PCTUSED 40 INITRANS 1 MAXTRANS 255 
 NOCOMPRESS LOGGING
  STORAGE(INITIAL 65536 NEXT 1048576 MINEXTENTS 1 MAXEXTENTS 2147483645
  PCTINCREASE 0 FREELISTS 1 FREELIST GROUPS 1
  BUFFER_POOL DEFAULT FLASH_CACHE DEFAULT CELL_FLASH_CACHE DEFAULT)
  TABLESPACE "SYSTEM" ;
--------------------------------------------------------
--  DDL for Table PC
--------------------------------------------------------

  CREATE TABLE "SYS"."PC" 
   (	"SERIAL_NUMBER" VARCHAR2(50 BYTE), 
	"MODEL" VARCHAR2(50 BYTE), 
	"PRICE" NUMBER, 
	"SPEED" NUMBER, 
	"RAM" NUMBER, 
	"HD" VARCHAR2(50 BYTE), 
	"CD" VARCHAR2(50 BYTE)
   ) PCTFREE 10 PCTUSED 40 INITRANS 1 MAXTRANS 255 
 NOCOMPRESS LOGGING
  STORAGE(INITIAL 65536 NEXT 1048576 MINEXTENTS 1 MAXEXTENTS 2147483645
  PCTINCREASE 0 FREELISTS 1 FREELIST GROUPS 1
  BUFFER_POOL DEFAULT FLASH_CACHE DEFAULT CELL_FLASH_CACHE DEFAULT)
  TABLESPACE "SYSTEM" ;
--------------------------------------------------------
--  DDL for Table LAPTOP
--------------------------------------------------------

  CREATE TABLE "SYS"."LAPTOP" 
   (	"SERIAL_NUMBER" VARCHAR2(50 BYTE), 
	"MODEL" VARCHAR2(50 BYTE), 
	"PRICE" NUMBER, 
	"SPEED" NUMBER, 
	"RAM" NUMBER(*,0), 
	"HD" VARCHAR2(50 BYTE), 
	"SCREEN" VARCHAR2(50 BYTE)
   ) PCTFREE 10 PCTUSED 40 INITRANS 1 MAXTRANS 255 
 NOCOMPRESS LOGGING
  STORAGE(INITIAL 65536 NEXT 1048576 MINEXTENTS 1 MAXEXTENTS 2147483645
  PCTINCREASE 0 FREELISTS 1 FREELIST GROUPS 1
  BUFFER_POOL DEFAULT FLASH_CACHE DEFAULT CELL_FLASH_CACHE DEFAULT)
  TABLESPACE "SYSTEM" ;
--------------------------------------------------------
--  DDL for Table PRINTER
--------------------------------------------------------

  CREATE TABLE "SYS"."PRINTER" 
   (	"SERIAL_NUMBER" VARCHAR2(50 BYTE), 
	"MODEL" VARCHAR2(50 BYTE), 
	"PRICE" NUMBER, 
	"COLOR" VARCHAR2(50 BYTE), 
	"TYPE" NUMBER
   ) PCTFREE 10 PCTUSED 40 INITRANS 1 MAXTRANS 255 
 NOCOMPRESS LOGGING
  STORAGE(INITIAL 65536 NEXT 1048576 MINEXTENTS 1 MAXEXTENTS 2147483645
  PCTINCREASE 0 FREELISTS 1 FREELIST GROUPS 1
  BUFFER_POOL DEFAULT FLASH_CACHE DEFAULT CELL_FLASH_CACHE DEFAULT)
  TABLESPACE "SYSTEM" ;
--------------------------------------------------------
--  DDL for Table STORAGE
--------------------------------------------------------

  CREATE TABLE "SYS"."STORAGE" 
   (	"STORAGE_ID" VARCHAR2(50 BYTE), 
	"MODEL" VARCHAR2(50 BYTE), 
	"SERIAL_NUMBER" VARCHAR2(50 BYTE), 
	"TRANSFERED_TO" VARCHAR2(50 BYTE)
   ) PCTFREE 10 PCTUSED 40 INITRANS 1 MAXTRANS 255 
 NOCOMPRESS LOGGING
  STORAGE(INITIAL 65536 NEXT 1048576 MINEXTENTS 1 MAXEXTENTS 2147483645
  PCTINCREASE 0 FREELISTS 1 FREELIST GROUPS 1
  BUFFER_POOL DEFAULT FLASH_CACHE DEFAULT CELL_FLASH_CACHE DEFAULT)
  TABLESPACE "SYSTEM" ;
REM INSERTING into SYS.PRODUCT
SET DEFINE OFF;
Insert into SYS.PRODUCT (MODEL,MAKER,TYPE) values ('s-1','Hitachi','laptop');
Insert into SYS.PRODUCT (MODEL,MAKER,TYPE) values ('s-2','Hitachi','laptop');
Insert into SYS.PRODUCT (MODEL,MAKER,TYPE) values ('s-3','Hitachi','laptop');
Insert into SYS.PRODUCT (MODEL,MAKER,TYPE) values ('s-4','Hitachi','laptop');
Insert into SYS.PRODUCT (MODEL,MAKER,TYPE) values ('s-5','Hitachi','laptop');
Insert into SYS.PRODUCT (MODEL,MAKER,TYPE) values ('r-1','Lenovo','laptop');
Insert into SYS.PRODUCT (MODEL,MAKER,TYPE) values ('r-2','Lenovo','laptop');
Insert into SYS.PRODUCT (MODEL,MAKER,TYPE) values ('r-3','Lenovo','laptop');
Insert into SYS.PRODUCT (MODEL,MAKER,TYPE) values ('t-4','Lenovo','laptop');
Insert into SYS.PRODUCT (MODEL,MAKER,TYPE) values ('y-5','Lenovo','laptop');
Insert into SYS.PRODUCT (MODEL,MAKER,TYPE) values ('d1','Dell','pc');
Insert into SYS.PRODUCT (MODEL,MAKER,TYPE) values ('d2','Dell','pc');
Insert into SYS.PRODUCT (MODEL,MAKER,TYPE) values ('d3','Dell','pc');
Insert into SYS.PRODUCT (MODEL,MAKER,TYPE) values ('da','Dell','pc');
Insert into SYS.PRODUCT (MODEL,MAKER,TYPE) values ('d zero','Dell','pc');
Insert into SYS.PRODUCT (MODEL,MAKER,TYPE) values ('ib','IBM','pc');
Insert into SYS.PRODUCT (MODEL,MAKER,TYPE) values ('ib2','IBM','pc');
Insert into SYS.PRODUCT (MODEL,MAKER,TYPE) values ('ib3','IBM','pc');
Insert into SYS.PRODUCT (MODEL,MAKER,TYPE) values ('ib4','IBM','pc');
Insert into SYS.PRODUCT (MODEL,MAKER,TYPE) values ('ib5','IBM','pc');
Insert into SYS.PRODUCT (MODEL,MAKER,TYPE) values ('s-4-pc','Hitachi','pc');
Insert into SYS.PRODUCT (MODEL,MAKER,TYPE) values ('s-5-pc','Hitachi','pc');
Insert into SYS.PRODUCT (MODEL,MAKER,TYPE) values ('hp1','HP','printer');
Insert into SYS.PRODUCT (MODEL,MAKER,TYPE) values ('hp2','HP','printer');
Insert into SYS.PRODUCT (MODEL,MAKER,TYPE) values ('hp3','HP','printer');
Insert into SYS.PRODUCT (MODEL,MAKER,TYPE) values ('hp4','HP','printer');
Insert into SYS.PRODUCT (MODEL,MAKER,TYPE) values ('hp colour 1','HP','printer');
Insert into SYS.PRODUCT (MODEL,MAKER,TYPE) values ('k1','Kyocera','printer');
Insert into SYS.PRODUCT (MODEL,MAKER,TYPE) values ('k2','Kyocera','printer');
Insert into SYS.PRODUCT (MODEL,MAKER,TYPE) values ('k3','Kyocera','printer');
Insert into SYS.PRODUCT (MODEL,MAKER,TYPE) values ('k4','Kyocera','printer');
Insert into SYS.PRODUCT (MODEL,MAKER,TYPE) values ('k5','Kyocera','printer');
REM INSERTING into SYS.PC
SET DEFINE OFF;
Insert into SYS.PC (SERIAL_NUMBER,MODEL,PRICE,SPEED,RAM,HD,CD) values ('1234221','d1',500,600,2048,'600','hitachi');
Insert into SYS.PC (SERIAL_NUMBER,MODEL,PRICE,SPEED,RAM,HD,CD) values ('1234222','d2',600,600,4096,'600',null);
Insert into SYS.PC (SERIAL_NUMBER,MODEL,PRICE,SPEED,RAM,HD,CD) values ('1234223','d3',700,600,4096,'600',null);
Insert into SYS.PC (SERIAL_NUMBER,MODEL,PRICE,SPEED,RAM,HD,CD) values ('1234224','da',800,800,4096,'600','phillips');
Insert into SYS.PC (SERIAL_NUMBER,MODEL,PRICE,SPEED,RAM,HD,CD) values ('1234225','d zero',1200,1200,8192,'1000','phillips');
Insert into SYS.PC (SERIAL_NUMBER,MODEL,PRICE,SPEED,RAM,HD,CD) values ('1234226','ib',900,600,2048,'600','Panasonic');
Insert into SYS.PC (SERIAL_NUMBER,MODEL,PRICE,SPEED,RAM,HD,CD) values ('1234227','ib2',950,600,4096,'600',null);
Insert into SYS.PC (SERIAL_NUMBER,MODEL,PRICE,SPEED,RAM,HD,CD) values ('1234228','ib3',1100,600,4096,'600',null);
Insert into SYS.PC (SERIAL_NUMBER,MODEL,PRICE,SPEED,RAM,HD,CD) values ('1234229','ib4',1500,800,4096,'600',null);
Insert into SYS.PC (SERIAL_NUMBER,MODEL,PRICE,SPEED,RAM,HD,CD) values ('1234230','ib5',1700,1200,8192,'1000','Samsung');
Insert into SYS.PC (SERIAL_NUMBER,MODEL,PRICE,SPEED,RAM,HD,CD) values ('1234241','s-4-pc',1800,800,4096,'600',null);
Insert into SYS.PC (SERIAL_NUMBER,MODEL,PRICE,SPEED,RAM,HD,CD) values ('1234242','s-5-pc',1000,1200,8192,'1000',null);
REM INSERTING into SYS.LAPTOP
SET DEFINE OFF;
Insert into SYS.LAPTOP (SERIAL_NUMBER,MODEL,PRICE,SPEED,RAM,HD,SCREEN) values ('1234211','s-1',500,600,2048,'600','15.6');
Insert into SYS.LAPTOP (SERIAL_NUMBER,MODEL,PRICE,SPEED,RAM,HD,SCREEN) values ('1234212','s-2',600,600,4096,'600','15.6');
Insert into SYS.LAPTOP (SERIAL_NUMBER,MODEL,PRICE,SPEED,RAM,HD,SCREEN) values ('1234213','s-3',700,600,4096,'600','17.3');
Insert into SYS.LAPTOP (SERIAL_NUMBER,MODEL,PRICE,SPEED,RAM,HD,SCREEN) values ('1234214','s-4',800,800,4096,'600','17.3');
Insert into SYS.LAPTOP (SERIAL_NUMBER,MODEL,PRICE,SPEED,RAM,HD,SCREEN) values ('1234215','s-5',1200,1200,8192,'1000','17.3');
Insert into SYS.LAPTOP (SERIAL_NUMBER,MODEL,PRICE,SPEED,RAM,HD,SCREEN) values ('1234216','r-1',900,600,2048,'600','15.6');
Insert into SYS.LAPTOP (SERIAL_NUMBER,MODEL,PRICE,SPEED,RAM,HD,SCREEN) values ('1234217','r-2',950,600,4096,'600','15.6');
Insert into SYS.LAPTOP (SERIAL_NUMBER,MODEL,PRICE,SPEED,RAM,HD,SCREEN) values ('1234218','r-3',1100,600,4096,'600','17.3');
Insert into SYS.LAPTOP (SERIAL_NUMBER,MODEL,PRICE,SPEED,RAM,HD,SCREEN) values ('1234219','t-4',1500,800,4096,'600','17.3');
Insert into SYS.LAPTOP (SERIAL_NUMBER,MODEL,PRICE,SPEED,RAM,HD,SCREEN) values ('1234220','y-5',1700,1200,8192,'1000','17.3');
REM INSERTING into SYS.PRINTER
SET DEFINE OFF;
Insert into SYS.PRINTER (SERIAL_NUMBER,MODEL,PRICE,COLOR,TYPE) values ('1234231','hp1',300,'white',0);
Insert into SYS.PRINTER (SERIAL_NUMBER,MODEL,PRICE,COLOR,TYPE) values ('1234232','hp2',355,'black',0);
Insert into SYS.PRINTER (SERIAL_NUMBER,MODEL,PRICE,COLOR,TYPE) values ('1234233','hp3',599,'red',0);
Insert into SYS.PRINTER (SERIAL_NUMBER,MODEL,PRICE,COLOR,TYPE) values ('1234234','hp4',800,'gray',0);
Insert into SYS.PRINTER (SERIAL_NUMBER,MODEL,PRICE,COLOR,TYPE) values ('1234235','hp colour 1',1500,'gold',1);
Insert into SYS.PRINTER (SERIAL_NUMBER,MODEL,PRICE,COLOR,TYPE) values ('1234236','k1',200,'white',0);
Insert into SYS.PRINTER (SERIAL_NUMBER,MODEL,PRICE,COLOR,TYPE) values ('1234237','k2',370,'black',0);
Insert into SYS.PRINTER (SERIAL_NUMBER,MODEL,PRICE,COLOR,TYPE) values ('1234238','k3',400,'red',0);
Insert into SYS.PRINTER (SERIAL_NUMBER,MODEL,PRICE,COLOR,TYPE) values ('1234239','k4',600,'gray',1);
Insert into SYS.PRINTER (SERIAL_NUMBER,MODEL,PRICE,COLOR,TYPE) values ('1234240','k5',650,'gold',1);
REM INSERTING into SYS.STORAGE
SET DEFINE OFF;
Insert into SYS.STORAGE (STORAGE_ID,MODEL,SERIAL_NUMBER,TRANSFERED_TO) values ('50','s-1','1234211','51');
Insert into SYS.STORAGE (STORAGE_ID,MODEL,SERIAL_NUMBER,TRANSFERED_TO) values ('50','s-2','1234212','51');
Insert into SYS.STORAGE (STORAGE_ID,MODEL,SERIAL_NUMBER,TRANSFERED_TO) values ('50','s-3','1234213','51');
Insert into SYS.STORAGE (STORAGE_ID,MODEL,SERIAL_NUMBER,TRANSFERED_TO) values ('50','s-4','1234214',null);
Insert into SYS.STORAGE (STORAGE_ID,MODEL,SERIAL_NUMBER,TRANSFERED_TO) values ('50','s-5','1234215',null);
Insert into SYS.STORAGE (STORAGE_ID,MODEL,SERIAL_NUMBER,TRANSFERED_TO) values ('50','r-1','1234216',null);
Insert into SYS.STORAGE (STORAGE_ID,MODEL,SERIAL_NUMBER,TRANSFERED_TO) values ('50','r-2','1234217',null);
Insert into SYS.STORAGE (STORAGE_ID,MODEL,SERIAL_NUMBER,TRANSFERED_TO) values ('50','r-3','1234218',null);
Insert into SYS.STORAGE (STORAGE_ID,MODEL,SERIAL_NUMBER,TRANSFERED_TO) values ('50','t-4','1234219',null);
Insert into SYS.STORAGE (STORAGE_ID,MODEL,SERIAL_NUMBER,TRANSFERED_TO) values ('50','y-5','1234220',null);
Insert into SYS.STORAGE (STORAGE_ID,MODEL,SERIAL_NUMBER,TRANSFERED_TO) values ('50','d1','1234221',null);
Insert into SYS.STORAGE (STORAGE_ID,MODEL,SERIAL_NUMBER,TRANSFERED_TO) values ('50','d2','1234222',null);
Insert into SYS.STORAGE (STORAGE_ID,MODEL,SERIAL_NUMBER,TRANSFERED_TO) values ('50','d3','1234223',null);
Insert into SYS.STORAGE (STORAGE_ID,MODEL,SERIAL_NUMBER,TRANSFERED_TO) values ('50','da','1234224',null);
Insert into SYS.STORAGE (STORAGE_ID,MODEL,SERIAL_NUMBER,TRANSFERED_TO) values ('50','d zero','1234225',null);
Insert into SYS.STORAGE (STORAGE_ID,MODEL,SERIAL_NUMBER,TRANSFERED_TO) values ('50','ib','1234226',null);
Insert into SYS.STORAGE (STORAGE_ID,MODEL,SERIAL_NUMBER,TRANSFERED_TO) values ('50','ib2','1234227',null);
Insert into SYS.STORAGE (STORAGE_ID,MODEL,SERIAL_NUMBER,TRANSFERED_TO) values ('50','ib3','1234228','51');
Insert into SYS.STORAGE (STORAGE_ID,MODEL,SERIAL_NUMBER,TRANSFERED_TO) values ('50','ib4','1234229','51');
Insert into SYS.STORAGE (STORAGE_ID,MODEL,SERIAL_NUMBER,TRANSFERED_TO) values ('50','ib5','1234230','51');
Insert into SYS.STORAGE (STORAGE_ID,MODEL,SERIAL_NUMBER,TRANSFERED_TO) values ('50','hp1','1234231',null);
Insert into SYS.STORAGE (STORAGE_ID,MODEL,SERIAL_NUMBER,TRANSFERED_TO) values ('50','hp2','1234232',null);
Insert into SYS.STORAGE (STORAGE_ID,MODEL,SERIAL_NUMBER,TRANSFERED_TO) values ('50','hp3','1234233',null);
Insert into SYS.STORAGE (STORAGE_ID,MODEL,SERIAL_NUMBER,TRANSFERED_TO) values ('50','hp4','1234234',null);
Insert into SYS.STORAGE (STORAGE_ID,MODEL,SERIAL_NUMBER,TRANSFERED_TO) values ('50','hp colour 1','1234235',null);
Insert into SYS.STORAGE (STORAGE_ID,MODEL,SERIAL_NUMBER,TRANSFERED_TO) values ('50','k1','1234236',null);
Insert into SYS.STORAGE (STORAGE_ID,MODEL,SERIAL_NUMBER,TRANSFERED_TO) values ('50','k2','1234237',null);
Insert into SYS.STORAGE (STORAGE_ID,MODEL,SERIAL_NUMBER,TRANSFERED_TO) values ('50','k3','1234238','51');
Insert into SYS.STORAGE (STORAGE_ID,MODEL,SERIAL_NUMBER,TRANSFERED_TO) values ('50','k4','1234239','51');
Insert into SYS.STORAGE (STORAGE_ID,MODEL,SERIAL_NUMBER,TRANSFERED_TO) values ('50','k5','1234240','51');
Insert into SYS.STORAGE (STORAGE_ID,MODEL,SERIAL_NUMBER,TRANSFERED_TO) values ('51','ib3','1234228','52');
Insert into SYS.STORAGE (STORAGE_ID,MODEL,SERIAL_NUMBER,TRANSFERED_TO) values ('51','ib4','1234229','52');
Insert into SYS.STORAGE (STORAGE_ID,MODEL,SERIAL_NUMBER,TRANSFERED_TO) values ('51','ib5','1234230','52');
Insert into SYS.STORAGE (STORAGE_ID,MODEL,SERIAL_NUMBER,TRANSFERED_TO) values ('51','k3','1234238','52');
Insert into SYS.STORAGE (STORAGE_ID,MODEL,SERIAL_NUMBER,TRANSFERED_TO) values ('51','k4','1234239','55');
Insert into SYS.STORAGE (STORAGE_ID,MODEL,SERIAL_NUMBER,TRANSFERED_TO) values ('51','k5','1234240','54');
Insert into SYS.STORAGE (STORAGE_ID,MODEL,SERIAL_NUMBER,TRANSFERED_TO) values ('51','s-1','1234211',null);
Insert into SYS.STORAGE (STORAGE_ID,MODEL,SERIAL_NUMBER,TRANSFERED_TO) values ('51','s-2','1234212',null);
Insert into SYS.STORAGE (STORAGE_ID,MODEL,SERIAL_NUMBER,TRANSFERED_TO) values ('51','s-3','1234213',null);
Insert into SYS.STORAGE (STORAGE_ID,MODEL,SERIAL_NUMBER,TRANSFERED_TO) values ('52','ib3','1234228',null);
Insert into SYS.STORAGE (STORAGE_ID,MODEL,SERIAL_NUMBER,TRANSFERED_TO) values ('52','ib4','1234229',null);
Insert into SYS.STORAGE (STORAGE_ID,MODEL,SERIAL_NUMBER,TRANSFERED_TO) values ('52','ib5','1234230',null);
